manual,transmission
new,condition
sedan,type
engine,performance
looking,look
sedans,type
power,performance
test,safety
torque,performance
value,price
leather,interior
styling,make
quality,make
automatic,transmission
mph,speed
sales,sale
class,condition
made,make
hard,interior
wood,interior
auto,transmission
automatics,transmission
Sport,type
looks,look
used,condition
start,engine
old,condition
seats,interior
money,price
style,make
sports,type
year,model
acceleration,performance
suspension,transmission
models,model
faster,speed
fast,speed
makes,make
wheels,wheel
units,sale
type,type
worth,price
warranty,reliability
pretty,look
last,reliability
expensive,price
motor,performance
chassis,make
rush,speed
inside,interior
powerful,performance
steering,steer
space,interior
recent,condition
sport,type
door,interior
poor,performance
cheap,price
smooth,performance
,
reliable,reliability
tested,safety
braking,safety
hot,make
available,availablility
sit,interior
starting,engine
variants,model
engineers,technology
prices,price
sounds,interior
sporty,type
family,type
room,interior
looked,look
built,make
tough,make
slow,performance
mile,speed
speeds,speed
risk,safety
average,performance
maple,type
strong,make
rear,wheel
sound,interior
area,interior
luxurious,luxury
upscale,luxury
vast,market
dollars,price
tires,wheel
tire,wheel
stereo,interior
clean,interior
shapes,make
convertible,type
wagon,type
break,safety
gearbox,performance
manuals,transmission
latest,condition
weight,make
features,make
bland,color
lemons,color
priced,price
use,condition
quick,performance
amount,price
series,model
range,price
Motor,engine
Trend,market
sunroof,make
making,make
design,make
phone,interior
engines,engine
miles,speed
thrust,performance
beautiful,make
materials,make
response,performance
designed,make